CREATE TABLE rides (
	id UUID NOT NULL,
	rider_id UUID NULL,
	vehicle_id UUID NULL,
	start_address STRING NULL,
	end_address STRING NULL,
	start_time TIMESTAMP NULL,
	end_time TIMESTAMP NULL,
	revenue FLOAT NULL,
	CONSTRAINT "primary" PRIMARY KEY (id ASC),
	FAMILY "primary" (id, rider_id, vehicle_id, start_address, end_address, start_time, end_time, revenue)
);

CREATE TABLE users (
	id UUID NOT NULL,
	"name" STRING NULL,
	address STRING NULL,
	credit_card STRING NULL,
	CONSTRAINT "primary" PRIMARY KEY (id ASC),
	FAMILY "primary" (id, "name", address, credit_card)
);

CREATE TABLE vehicles (
	id UUID NOT NULL,
	type STRING NULL,
	city STRING NOT NULL,
	owner_id UUID NULL,
	creation_time TIMESTAMP NULL,
	status STRING NULL,
	ext JSON NULL,
	CONSTRAINT "primary" PRIMARY KEY (city ASC, id ASC),
	INDEX ix_vehicle_type (type ASC),
	FAMILY "primary" (id, type, city, owner_id, creation_time, status, ext)
);

INSERT INTO rides (id, rider_id, vehicle_id, start_address, end_address, start_time, end_time, revenue) VALUES
	('04717559-778f-45d3-bb90-143f6d227208', 'ab2b4dac-f95d-465f-9d74-b62f499d4e87', 'f84ccd43-654b-49ce-81c4-fe1f8cdef064', e'PSC 6433, Box 2968\nAPO AP 22990-3375', e'Unit 4770 Box 6519\nDPO AA 47792', '2018-05-24 19:32:10.858674+00:00', NULL, 17.92337029705754),
	('07674719-973d-4bc6-ab13-4c1439f3e88e', '82d3310b-0df5-4bc0-891a-b2eea4b2040d', '3ce008b5-ed82-426a-9d4c-f0b9ef83c26c', e'59872 Young Cliffs Suite 967\nPort Sean, CT 35587', e'5872 Nicole Pine Suite 204\nLake Scotttown, MI 27257-0513', '2018-05-24 19:32:10.460377+00:00', NULL, 16.308176749125444),
	('09c1c0a4-1ddb-4b68-a31e-791d784d054f', '45117372-ca48-4bf2-b51f-9cbaa9843e9e', '755f3629-b564-43bf-97cc-d90907373b67', e'434 Johnson Extensions Apt. 255\nNew Kathryn, SC 74716', e'22296 Parrish Lights Apt. 958\nEast Nicholas, CA 45870-5816', '2018-05-24 19:32:10.527151+00:00', NULL, 83.68379614919732),
	('0af72bce-0661-494f-a366-5af3fb5f805c', '506b8e2e-6789-4333-861e-63a1058208a4', '8741847f-6e46-4951-be8d-a0bfdae6f66b', e'964 Harrison Bypass Apt. 887\nNew Michaelton, MD 43101-9937', e'967 Michael Forges Suite 912\nWest Brenda, MI 44775-5669', '2018-05-24 19:32:10.777334+00:00', NULL, 62.588342434284044),
	('0ce5791d-ef58-4f61-9ed5-ecdb35830a02', 'd71617a0-3be0-4872-be7f-89787572aae5', '5a1c19c2-14a7-4d60-8a15-54be9166cd56', e'799 Elizabeth Oval\nWrightside, VI 73530', e'USS Jones\nFPO AA 66025', '2018-05-24 19:32:10.760381+00:00', NULL, 93.6768180042751),
	('0d05e906-41da-46b3-9e6d-e25258b8b777', '0f022858-77ca-4760-9199-942fcbc3b5fc', '3ce008b5-ed82-426a-9d4c-f0b9ef83c26c', e'3573 Welch Shore\nPort Lisa, DC 84392', e'67589 William Parks Suite 137\nWest Diana, MP 48048-6661', '2018-05-24 19:32:10.356549+00:00', NULL, 37.515791935815734),
	('0d805505-93b5-4a28-a051-af8486723a2b', '4a7e3fe0-90cb-4ab5-b61c-60449de823a2', 'f48b9008-954f-4123-ac69-92dd0e0f3cde', e'051 Kristine Flats Suite 964\nFlemingtown, VI 73888-1846', e'28150 Guerrero Flats Suite 142\nPort Robert, NM 38744-1547', '2018-05-24 19:32:10.444438+00:00', NULL, 84.26905584216398),
	('104eb7b5-4f2e-4980-b113-99c7a2bdf143', '37207d1a-2233-4fc7-a3a5-56383017e290', 'fa943387-4108-46c7-b7fc-476d2ee6d900', e'3404 Gregory Rapids\nNew Jonathanport, LA 76515', e'Unit 3557 Box 2147\nDPO AA 79167', '2018-05-24 19:32:10.712775+00:00', NULL, 64.09578075914068),
	('14f3bccb-1622-4818-9eee-894f9a004346', '94d35a30-ee61-4b1b-9270-5477f902233d', '755f3629-b564-43bf-97cc-d90907373b67', e'300 Orr Hill Suite 063\nLisashire, ME 35721', e'32563 Kimberly Creek\nSouth Angelicafort, OH 27831', '2018-05-24 19:32:10.450917+00:00', NULL, 50.73241628687469),
	('1b01ac87-d201-443a-93bc-4ecd5f701bf1', '8fbea28f-0283-4024-ad0c-a494a6925a02', '29e95602-40c2-4e77-bcef-eeb264518113', e'00341 Smith Ports\nEast Elainetown, FM 99587', e'2342 Nichols Roads\nNorth Jeromefort, GU 32476-4324', '2018-05-24 19:32:10.668546+00:00', NULL, 99.9671336964403),
	('1cf6a670-64e8-46a7-bfb0-b29321bb4a3a', '4deaf354-cb9f-42a2-8d75-92f92af09926', '27200834-ee40-4360-bf48-af99235dc37c', e'Unit 9997 Box 7111\nDPO AA 71353-3657', e'8066 Gina Curve\nEvansberg, NM 46650', '2018-05-24 19:32:10.43495+00:00', NULL, 60.16295722616275),
	('1d9eccc0-2eac-4fa1-a5ec-dd6edd34ea51', 'ab2b4dac-f95d-465f-9d74-b62f499d4e87', '5a1c19c2-14a7-4d60-8a15-54be9166cd56', e'0250 Craig Junction Apt. 129\nJanicechester, IA 37039-6447', e'3608 Jason Unions\nMarktown, NJ 48772-7339', '2018-05-24 19:32:10.607557+00:00', NULL, 58.25429726770848),
	('2a99e7f2-ddb3-4b24-8f36-2810bbac68af', '37207d1a-2233-4fc7-a3a5-56383017e290', '755f3629-b564-43bf-97cc-d90907373b67', e'7497 Amanda Cliffs\nWest Aaronland, MT 95412', e'8969 Taylor Turnpike Suite 747\nVancechester, RI 19847', '2018-05-24 19:32:10.578931+00:00', NULL, 25.85371721195285),
	('2de65b63-4851-4261-9ae9-eab01a8e2830', 'f6f2d1b1-a4eb-4aa6-9603-02792d4c76df', 'ffd6b694-b723-4bf8-a27f-6c5b527c07a3', e'081 Sharp Station\nBlakefurt, AZ 42763', e'Unit 8526 Box 9988\nDPO AA 90057', '2018-05-24 19:32:10.730274+00:00', NULL, 72.65393927940228),
	('30e7805f-6f47-44d3-8d54-b8d192084a4e', '4ae1004a-42d6-4a83-a4e7-dd6797da8095', '27200834-ee40-4360-bf48-af99235dc37c', e'266 Wallace Roads\nRuizville, GA 64322', e'77603 Lisa Junction Suite 808\nPort Vincent, UT 67953', '2018-05-24 19:32:10.551278+00:00', NULL, 90.98362710548575),
	('36d01193-4e98-4dd2-99d5-283a36b08ccb', 'f49e44c6-5818-494d-82e1-d59d80546437', '1ec8ade3-1969-4bd3-9559-566ba63a0977', e'06377 Amber Plaza\nNorth Gerald, AR 72132', e'808 Heather Harbors Apt. 073\nNew Crystal, KY 29411', '2018-05-24 19:32:10.510515+00:00', NULL, 71.60618102217344),
	('387c19e8-3e89-40a5-8c13-f5b6d627c976', '0f022858-77ca-4760-9199-942fcbc3b5fc', '9a590db9-6ce8-425c-9e75-bbf228967900', e'53692 Justin Fort\nCarlosside, NE 22952-6006', e'2919 Melissa Land Apt. 144\nNew Cherylmouth, WI 93059', '2018-05-24 19:32:10.327988+00:00', NULL, 2.87612727358343),
	('3a9d6326-4ba3-4fb7-a249-06550bfebb5a', '1aed1863-32e6-4499-a5a1-9745cf614491', '1ec8ade3-1969-4bd3-9559-566ba63a0977', e'93012 Marisa Forks Apt. 291\nWest Jennifer, MO 18079', e'Unit 0218 Box 0049\nDPO AE 46446-4524', '2018-05-24 19:32:10.594051+00:00', NULL, 57.069783476535356),
	('3aa67180-5e8f-485a-8c12-755601d63d1b', 'd695d573-1ede-45d1-8191-44471f86a2e4', '42ab5dd8-38c5-47be-a7b6-66339eb7e98d', e'PSC 1881, Box 6264\nAPO AA 75187', e'38316 Morgan Village\nSarahstad, FM 26318-8699', '2018-05-24 19:32:10.488569+00:00', NULL, 3.3694313439798544),
	('3ae59862-3be5-43be-89d4-bfd42ef19465', '9677750a-1db3-4ad7-a019-83542ebcc3fd', '14353073-ed3f-4f05-8aa3-613eb1d2d86b', e'593 Blevins Field\nPaulland, LA 02995', e'1508 Thomas Ford\nGonzalezfurt, PW 12968', '2018-05-24 19:32:10.484564+00:00', NULL, 23.58609164494953),
	('3d694d07-53f6-4786-b6a5-af3e0ef00a9c', 'f187719c-eab3-4671-b809-b0d7118043f0', '755f3629-b564-43bf-97cc-d90907373b67', e'0052 Colleen Mall Apt. 049\nPort Deannafurt, MT 20426-2376', e'1878 Kenneth Expressway\nJosephberg, KS 42223', '2018-05-24 19:32:10.6126+00:00', NULL, 29.86319890995357),
	('43537c94-af7d-4a9c-97c1-b2c312ba8309', '27b3f8b7-35aa-4149-b33e-3e80db222ccd', '911180cf-586f-4378-b0de-4f1c7834ebe4', e'306 Joshua Summit Suite 150\nCynthiafurt, IL 27285', e'88391 Torres Heights\nEast Melinda, IA 22132', '2018-05-24 19:32:10.402614+00:00', NULL, 94.81733328179074),
	('44dd6a68-1e16-4027-b4e8-9f60c063cdd7', 'd40956e1-1245-4a3c-9f7d-74709070dba4', '911180cf-586f-4378-b0de-4f1c7834ebe4', e'845 Smith Common Suite 788\nEast Samantha, WA 75552-7631', e'047 Thompson Cove Apt. 361\nNew Denise, MT 24422-3385', '2018-05-24 19:32:10.743084+00:00', NULL, 46.72362691180663),
	('46a76634-695b-4a38-8d0d-22b12158cff5', 'eff73fa7-50b9-46b6-a6c2-035425bc2f38', 'f84ccd43-654b-49ce-81c4-fe1f8cdef064', e'8327 Curtis Cliffs Suite 553\nLake Troyview, SD 39163', e'2623 Eric Forks Apt. 802\nSmithtown, ID 43657-9906', '2018-05-24 19:32:10.801857+00:00', NULL, 11.447260860623215),
	('485259b0-0514-442e-a1cb-df8791666811', '8dbe09b0-1bb0-48f4-8b42-54ff5c0f92b1', '50287242-a216-45f4-a5f4-27b4f689ad29', e'5763 Jasmine Corner\nPadillaton, NY 66446-3143', e'87032 Peter Rapids\nBruceport, NE 37196-3178', '2018-05-24 19:32:10.439682+00:00', NULL, 6.276356391402983),
	('4953a4a6-1930-4153-bc97-e7c7161f7966', 'fac40341-d949-41c5-912d-f075c2611865', '14353073-ed3f-4f05-8aa3-613eb1d2d86b', e'1436 Jimenez Turnpike\nBrandonstad, MT 26401', e'9834 William Valleys\nRobertland, PW 32314-1141', '2018-05-24 19:32:10.308405+00:00', NULL, 5.673080722396077),
	('4c171fa4-c3c7-4c0b-9503-464956035390', '63421136-a6d6-4db6-9ed6-a8628c3daa0b', '27200834-ee40-4360-bf48-af99235dc37c', e'6894 Timothy Place\nNorth Kelly, WV 29661', e'3127 Mcbride Estate Suite 396\nPort Lauren, OK 20110', '2018-05-24 19:32:10.301141+00:00', NULL, 23.618591974718363),
	('502ea90a-45a6-4fc5-aa46-de700735affd', '94d35a30-ee61-4b1b-9270-5477f902233d', '14353073-ed3f-4f05-8aa3-613eb1d2d86b', e'34499 Stephanie Street Apt. 845\nCortezville, IA 93283-9077', e'071 Watson Forest Apt. 459\nPort Austinshire, WV 52869', '2018-05-24 19:32:10.556622+00:00', NULL, 20.427872417715335),
	('50d03689-43cc-47a9-8011-02ffd6c0c472', 'd2e9b226-d651-411f-b0d6-21a1eba6fe48', '27200834-ee40-4360-bf48-af99235dc37c', e'7589 Rhonda Causeway\nLaurieville, FM 95934-3884', e'861 Adams Ferry\nLisahaven, NH 67745-5303', '2018-05-24 19:32:10.544986+00:00', NULL, 36.38608342897452),
	('55906c91-113f-41eb-8182-833d1d49e741', '260290d4-1c7b-4abd-852d-1613314a26b5', '42ab5dd8-38c5-47be-a7b6-66339eb7e98d', e'5429 Yates Hollow Apt. 464\nSouth Susanville, OK 92314', e'46036 Brandon Gardens\nNorth Katietown, IA 00349-8454', '2018-05-24 19:32:10.660544+00:00', NULL, 42.52758487711485),
	('560042a9-ba00-4df5-8022-2d200d0a8147', 'ea6a9ca6-fc28-4a32-90cb-c1c2af92f3c3', '1ec8ade3-1969-4bd3-9559-566ba63a0977', e'7550 Gregory Manor\nPort Carrietown, SC 71640', e'872 Sarah Light\nSamanthastad, UT 57347-1539', '2018-05-24 19:32:10.423882+00:00', NULL, 57.90083021857436),
	('57ca40dc-c811-4a70-b66b-c88620c0a5cf', 'd3a70257-f829-4546-b4ac-7743a874688f', 'ffd6b694-b723-4bf8-a27f-6c5b527c07a3', e'543 Gonzalez Harbor\nDavidhaven, AS 94312', e'PSC 9473, Box 3696\nAPO AA 26258-3695', '2018-05-24 19:32:10.427733+00:00', NULL, 26.852826137686097),
	('58d5b067-b42e-49b5-9293-af96f4b79aae', '53dd2492-6cb4-451e-9f32-14e47d050c99', 'fc798aa1-afc8-4a3a-aa54-b3916a163ba0', e'113 Renee Green Suite 569\nBretthaven, NJ 52325', e'90380 Kristie Crossing Apt. 312\nMendezhaven, ME 45825', '2018-05-24 19:32:10.784306+00:00', NULL, 25.225956991417576),
	('5a2bdd25-8b09-41ef-ab40-8a3d1e03df3a', '94d35a30-ee61-4b1b-9270-5477f902233d', 'd1f4fa03-64f8-4ad7-b6c8-8a1201e9ad30', e'1441 Kramer Branch Apt. 017\nNew Christopher, WA 94448', e'094 Martinez Cove Apt. 226\nLake Carla, NM 88285-7349', '2018-05-24 19:32:10.407592+00:00', NULL, 91.09783734803875),
	('5b99ec4b-5876-4d9c-b5e6-c4188f767dd9', 'f6f2d1b1-a4eb-4aa6-9603-02792d4c76df', '911180cf-586f-4378-b0de-4f1c7834ebe4', e'35193 Bradley Grove\nKevinbury, OH 89896-0295', e'6561 Huynh Forks Suite 923\nLittletown, SD 40341-4885', '2018-05-24 19:32:10.34074+00:00', NULL, 6.739108282500057),
	('5e7d3d57-9cee-4a15-80d7-5679a2dc4e2c', '780a3f33-12f2-4bed-94ad-d340fe26045b', '5a1c19c2-14a7-4d60-8a15-54be9166cd56', e'22886 Baxter Forest\nFaulknermouth, MI 98818', e'095 Walters Street Apt. 530\nHarrisborough, IL 39630-4074', '2018-05-24 19:32:10.419464+00:00', NULL, 17.759980481850235),
	('5f845550-e072-4e2d-8e10-4afb5081a7cb', 'c57e06a0-ef7e-43c0-b5ae-c22f6c3bd231', 'f84ccd43-654b-49ce-81c4-fe1f8cdef064', e'42888 Brown Knoll\nMichaeltown, ME 29578-3550', e'21655 Howard Vista\nLake Jeffreymouth, DE 60883-5863', '2018-05-24 19:32:10.691023+00:00', NULL, 35.42219682357839),
	('66034936-40fa-4c06-83f1-e6e2dbf5f17d', '27b3f8b7-35aa-4149-b33e-3e80db222ccd', '42ab5dd8-38c5-47be-a7b6-66339eb7e98d', e'0075 Jason Mount\nLake Jackfort, WI 89444', e'2298 Stephen Ridge\nLake Leslie, NV 12454-5195', '2018-05-24 19:32:10.817158+00:00', NULL, 13.087789668709691),
	('67c8dc32-2caf-4050-ac8d-9b689a418af5', 'e6da9fc5-313a-4489-a978-f6cea3b65464', '14353073-ed3f-4f05-8aa3-613eb1d2d86b', e'1306 Miller Fall\nErikmouth, MT 34686', e'22284 Amber Ridge Suite 724\nEricchester, NC 90729', '2018-05-24 19:32:10.673422+00:00', NULL, 39.261909506834286),
	('6a6ba271-4c82-46fe-bd0e-53cdaab8a185', 'd40956e1-1245-4a3c-9f7d-74709070dba4', '8741847f-6e46-4951-be8d-a0bfdae6f66b', e'485 Michael View\nNorth Heather, NH 58644', e'94497 Kirsten Road Suite 492\nWandaville, IA 40747-0944', '2018-05-24 19:32:10.47216+00:00', NULL, 65.33318722013915),
	('6deb08cc-c12d-4c0b-88e2-f44add7ab276', '36dc6b42-108b-4efa-8b8c-f3e2f55b73eb', '1ec8ade3-1969-4bd3-9559-566ba63a0977', e'2542 Andrew Common Apt. 639\nNicoleland, NM 43178', e'525 Ashley Summit\nEricberg, PW 63190-4710', '2018-05-24 19:32:10.638149+00:00', NULL, 51.18022470919394),
	('6e2fbbdb-0480-45c0-8201-1eb54c3a0174', 'f6f2d1b1-a4eb-4aa6-9603-02792d4c76df', '29e95602-40c2-4e77-bcef-eeb264518113', e'8125 Jones Court Suite 495\nNorth Michael, FL 89314-2912', e'74483 Edwin Landing Suite 762\nNorth Richardton, WA 06198-8761', '2018-05-24 19:32:10.851227+00:00', NULL, 4.505189236970374),
	('7009fdd6-a1f6-4e34-8799-45bf98a8d531', '9fd56817-618e-45f6-b168-43b9cd09b1db', '9a1ec562-0ea1-4af0-b7a6-0ab44f8f65e9', e'1709 Mathews Lights Apt. 436\nBruceland, WY 53317', e'325 Brown Center Apt. 716\nElizabethfurt, MA 70029-0423', '2018-05-24 19:32:10.395137+00:00', NULL, 6.5230383627355435),
	('733e45c8-39c4-456f-90f1-03d724545d35', '260290d4-1c7b-4abd-852d-1613314a26b5', '1ec8ade3-1969-4bd3-9559-566ba63a0977', e'718 Evan Streets Apt. 749\nLake Mistychester, NJ 55338-2953', e'506 Scott Forest Apt. 161\nLake Nathan, NJ 82294', '2018-05-24 19:32:10.568696+00:00', NULL, 67.2064537006215),
	('74171100-98c6-4e09-9cd4-0466e4b10e24', 'ed551060-6d92-4ef8-8f06-800950b3abd0', '1ec8ade3-1969-4bd3-9559-566ba63a0977', e'00270 Ronald Shore Suite 221\nSouth Michellemouth, UT 86537', e'8961 Andrea Inlet\nNorth Lindseyport, MT 36153-0353', '2018-05-24 19:32:10.585232+00:00', NULL, 29.475027536739603),
	('75923b9d-e6fe-4054-96c6-8dc8992e411e', '627cd24d-38b1-45a3-b2f2-93a639597afa', '8741847f-6e46-4951-be8d-a0bfdae6f66b', e'0070 John Key\nNorth Kenneth, MT 17517-9447', e'8701 Campbell Crest\nPort Michael, MA 72139-5620', '2018-05-24 19:32:10.82222+00:00', NULL, 9.778546470908005),
	('7866bcfe-ffeb-42ad-9606-79c70724dd63', 'ed551060-6d92-4ef8-8f06-800950b3abd0', '9a1ec562-0ea1-4af0-b7a6-0ab44f8f65e9', e'544 Steven Extension\nSouth Katelyn, OR 66553', e'8911 Ferguson Path Suite 649\nJacobsview, IA 84933-5090', '2018-05-24 19:32:10.522324+00:00', NULL, 14.380604888492076),
	('7b23d8c9-079c-4edf-bea9-ad100c4ce2b3', 'd695d573-1ede-45d1-8191-44471f86a2e4', '50287242-a216-45f4-a5f4-27b4f689ad29', e'538 Benton Green\nLake Jamiemouth, NH 09752', e'911 Mary Divide Suite 583\nWrightbury, PR 51516', '2018-05-24 19:32:10.704195+00:00', NULL, 3.4316618489120865),
	('7e282928-4f04-4b10-8190-5eca5d779c09', 'eff73fa7-50b9-46b6-a6c2-035425bc2f38', '911180cf-586f-4378-b0de-4f1c7834ebe4', e'234 Mike Center\nAnitamouth, NV 31192', e'9500 Beth Way\nJohnhaven, PW 03781-4155', '2018-05-24 19:32:10.493013+00:00', NULL, 70.07057579534005),
	('8316dedf-a607-46ad-bc57-ddbc1f99fd23', '7bbc8c07-7e26-40d4-8240-36ba0f98042e', '911180cf-586f-4378-b0de-4f1c7834ebe4', e'2953 Cook Orchard\nBenitezmouth, NY 72252-2380', e'795 Eric Divide Suite 083\nEmilyberg, DC 37736-9677', '2018-05-24 19:32:10.806948+00:00', NULL, 21.03050489409857),
	('845242aa-10e0-438e-9188-a2cc4f4f0bbe', '0b70eaec-1c81-4068-a953-84a772e8f8d1', '911180cf-586f-4378-b0de-4f1c7834ebe4', e'951 April Parks Apt. 626\nSouth Sharon, SC 96184-4041', e'286 Ortega Ways\nAdamfort, OK 12201', '2018-05-24 19:32:10.345861+00:00', NULL, 77.66448662518073),
	('8610abd5-21c7-4e5a-a034-53417b5c0cce', 'b0c40f3a-0a1d-4a3d-93f1-57adcc95cc2f', '78b4ee33-b065-4733-bdb6-a47025c01f52', e'8221 Nicolas Grove\nEast Larry, MI 60733', e'59358 Glover Neck\nEast Jenniferstad, SC 68374', '2018-05-24 19:32:10.517133+00:00', NULL, 36.25556124685836),
	('8822a888-bb20-437b-a4bd-12318bc133e9', '8fbea28f-0283-4024-ad0c-a494a6925a02', 'ffd6b694-b723-4bf8-a27f-6c5b527c07a3', e'71272 Lorraine Mountains\nLake Kimberlyborough, LA 53945', e'0739 Morrison Stravenue Apt. 697\nJenniferfurt, SC 51306', '2018-05-24 19:32:10.323428+00:00', NULL, 18.927976494333333),
	('8b234256-2967-45d5-a134-2d52ca668b32', '10f008c3-e0dd-498f-9310-81ebd4b7ae61', 'fa943387-4108-46c7-b7fc-476d2ee6d900', e'90786 Russell Mountain\nLake Katherine, CT 73110', e'148 Davis Trail\nRichardsonfort, SC 19977', '2018-05-24 19:32:10.750206+00:00', NULL, 1.1566968938521465),
	('8d6373ee-a23c-4561-b683-2eee95e8215f', 'd2e9b226-d651-411f-b0d6-21a1eba6fe48', '42ab5dd8-38c5-47be-a7b6-66339eb7e98d', e'683 Ward Road Apt. 833\nLake Thomas, IN 65249', e'921 Daniel Mission\nNorth Andrew, TX 94402', '2018-05-24 19:32:10.72581+00:00', NULL, 13.339200378557386),
	('8e54123b-f1f8-4cef-b6f8-02a42e259d34', '9fd56817-618e-45f6-b168-43b9cd09b1db', '27200834-ee40-4360-bf48-af99235dc37c', e'822 Walter Skyway\nSouth Ginaside, DC 68466', e'8716 William Green Suite 835\nBaileyhaven, NJ 08073-2901', '2018-05-24 19:32:10.378916+00:00', NULL, 50.14070433723949),
	('8ef4f0a1-cfa6-414d-8efd-906bce563107', 'c57e06a0-ef7e-43c0-b5ae-c22f6c3bd231', '14353073-ed3f-4f05-8aa3-613eb1d2d86b', e'92275 Smith Locks\nNew Kevin, PW 12097', e'0700 Benjamin Mission Suite 998\nSouth Lindsay, NJ 40176', '2018-05-24 19:32:10.373776+00:00', NULL, 61.42980107192075),
	('90e00e30-a1c7-4f8f-9598-61e1ac40e74d', '1aed1863-32e6-4499-a5a1-9745cf614491', 'f84ccd43-654b-49ce-81c4-fe1f8cdef064', e'952 House Vista Apt. 161\nNew Jamesmouth, NV 50908', e'20927 Hodge Islands Suite 214\nJessicamouth, VA 38212-7798', '2018-05-24 19:32:10.540024+00:00', NULL, 86.89242894900921),
	('94163352-c5ce-4eea-88c5-d8c4417fb92d', '0fcc42d1-0d50-46ca-86a4-0d9e60c3c4e8', 'f8d7081f-70b6-492b-bea8-e191b5fc6dd9', e'8048 Erickson Falls Suite 907\nWest Timothy, AL 74349', e'216 Angela Path Suite 084\nDawnfurt, KS 36177', '2018-05-24 19:32:10.534993+00:00', NULL, 96.458735516867),
	('94c9ce20-9260-476a-99ea-62f87ed082dd', 'f6f2d1b1-a4eb-4aa6-9603-02792d4c76df', 'ffd6b694-b723-4bf8-a27f-6c5b527c07a3', e'1523 Bailey Inlet Suite 682\nNew Patrickchester, PR 81689', e'312 Conway Port\nTaylorland, PR 19272', '2018-05-24 19:32:10.719786+00:00', NULL, 95.00311896521764),
	('96fdce02-cf05-439b-9135-38bebb6d1233', 'fa543c06-34a1-4d6e-9812-6ef8f4f3e6d8', 'fc798aa1-afc8-4a3a-aa54-b3916a163ba0', e'10442 Sanchez Fall\nNew Jesseland, UT 15669-3219', e'476 Anderson Ranch\nLake Michaeltown, PR 23260-9843', '2018-05-24 19:32:10.695996+00:00', NULL, 74.13880566906298),
	('9dad1594-d7b4-439f-a92a-e3f3044542d5', '3421b215-cd8b-4539-a458-c479efdd4b01', 'fc798aa1-afc8-4a3a-aa54-b3916a163ba0', e'150 Shawn Plaza\nJeffreyfurt, NY 43849', e'578 Jessica Haven\nNelsonton, TX 42048', '2018-05-24 19:32:10.390156+00:00', NULL, 72.8996655285844),
	('a12eb1ce-c41a-41ec-9406-248aaf43b70d', 'a20b221a-dd97-4370-8fe8-2e5f285123c5', 'fa943387-4108-46c7-b7fc-476d2ee6d900', e'7645 George Divide Apt. 528\nWest Holly, AZ 35368', e'691 Amy Streets Apt. 411\nRichardville, MI 22594-8333', '2018-05-24 19:32:10.602614+00:00', NULL, 42.904817534423664),
	('a3f93c84-3220-4d1e-b1b2-3af7f7dbc093', '3d970f3c-54af-4e41-b127-efb29c79fab0', 'ffd6b694-b723-4bf8-a27f-6c5b527c07a3', e'668 Webb Ports Apt. 770\nHoweville, GA 59747-4179', e'6147 Phillips Vista\nNorth Mary, PW 40649', '2018-05-24 19:32:10.412767+00:00', NULL, 82.78409507005571),
	('a818ebf4-faad-435b-b68b-c3a7547cb1ba', 'e57597e7-ecb7-4e21-a783-694e26facb49', '78b4ee33-b065-4733-bdb6-a47025c01f52', e'58262 Ortega Terrace\nScottton, MH 27499-4838', e'43973 Johnson Light Suite 577\nElizabethmouth, MI 00721', '2018-05-24 19:32:10.46739+00:00', NULL, 3.898140410634299),
	('aa55e3b1-d220-4c32-845f-572461e2e9cf', '018bbbe0-6f81-4956-8079-5cf46f65fc76', 'f84ccd43-654b-49ce-81c4-fe1f8cdef064', e'35214 Angela Turnpike Suite 289\nPort Jamesburgh, WV 37438-0031', e'27009 Perez Lodge Suite 062\nAustinstad, VA 05865', '2018-05-24 19:32:10.841267+00:00', NULL, 7.309325403282462),
	('ab141f60-41f0-41e4-9d2d-89f7e6913309', '0f022858-77ca-4760-9199-942fcbc3b5fc', '9a590db9-6ce8-425c-9e75-bbf228967900', e'65769 Allen Terrace Apt. 987\nTylertown, GA 32367', e'280 Gutierrez Islands\nNorth Bobby, AR 19297-3143', '2018-05-24 19:32:10.836551+00:00', NULL, 3.89633898635737),
	('abddc548-116a-4cc7-b198-9dc72aed3a16', '483c7205-3c2f-4f37-b2a3-fe3672b0cf13', '29e95602-40c2-4e77-bcef-eeb264518113', e'91797 Gregory Spring Suite 606\nWest Anthony, AK 44713-6584', e'PSC 5754, Box 9100\nAPO AP 33392', '2018-05-24 19:32:10.318734+00:00', NULL, 87.4372059430276),
	('b2223452-c23c-4998-a7ba-040b2ebc6dee', 'f187719c-eab3-4671-b809-b0d7118043f0', '27200834-ee40-4360-bf48-af99235dc37c', e'00013 Hall River\nSouth Kimberlymouth, AS 02855-8764', e'7611 Parker Turnpike\nParksmouth, MT 24844-5139', '2018-05-24 19:32:10.561642+00:00', NULL, 78.08066106814485),
	('b53ab143-e46c-476e-880d-55a9756a5653', '3a6b0510-bd1c-4186-a8c3-8949a7435d9e', 'ffd6b694-b723-4bf8-a27f-6c5b527c07a3', e'65193 Matthew Turnpike Suite 859\nNew Tinaside, AS 67729', e'025 Taylor Centers\nNew Brianna, TX 86438-3585', '2018-05-24 19:32:10.624406+00:00', NULL, 87.09479851966371),
	('bd1fd9e8-b794-49ca-bbb9-84ee3c4c8469', '7a1e465f-ce3f-4e03-8206-dd0a7923ec12', '29e95602-40c2-4e77-bcef-eeb264518113', e'31412 Graham Ville\nNorth Jordanland, TN 41549-2196', e'3672 Smith Forge\nNorth Chelsea, GU 50284', '2018-05-24 19:32:10.385364+00:00', NULL, 66.09623926199849),
	('bda1ea61-61b4-470e-875e-1a522eaebabc', '9fd56817-618e-45f6-b168-43b9cd09b1db', '5a1c19c2-14a7-4d60-8a15-54be9166cd56', e'PSC 2669, Box 3005\nAPO AP 37417-1915', e'204 Mitchell Terrace\nLake Denise, FM 42224-7431', '2018-05-24 19:32:10.844906+00:00', NULL, 68.60759593094092),
	('bdebf1de-6260-4ff0-870b-3901366176f0', 'e57597e7-ecb7-4e21-a783-694e26facb49', 'fa943387-4108-46c7-b7fc-476d2ee6d900', e'546 Wong Junction\nSouth Alexside, MP 86332', e'6615 Cheryl Extensions\nNorth Elizabeth, MH 88420', '2018-05-24 19:32:10.856046+00:00', NULL, 77.20981924246094),
	('bfe3ba56-0b89-47a8-8dfb-8d3d75ae820c', '492a80ed-45e3-4c40-acd6-c7f3787e70b6', '29e95602-40c2-4e77-bcef-eeb264518113', e'5404 Willie View\nPort Michaelmouth, MT 68184', e'69600 Morris Brooks Apt. 175\nLake Brandonville, MA 15289-2889', '2018-05-24 19:32:10.629366+00:00', NULL, 94.4015837571559),
	('c311ad3c-cb3c-4f53-9ac8-8c1de189e935', '7a1e465f-ce3f-4e03-8206-dd0a7923ec12', 'f84ccd43-654b-49ce-81c4-fe1f8cdef064', e'91416 David Freeway Apt. 037\nLake Kristenland, MN 48815', e'7464 Kenneth Coves\nNew Gracebury, NM 04125', '2018-05-24 19:32:10.455564+00:00', NULL, 12.728491151836693),
	('c312f7d0-3958-4e9e-b38e-d09e9813c602', '63b6d834-3f42-46d9-b6ac-374ea75fb0d0', '29e95602-40c2-4e77-bcef-eeb264518113', e'99589 Rebecca Brooks\nDukechester, IA 27166-3340', e'74999 April Grove\nGarciamouth, NM 66109-4392', '2018-05-24 19:32:10.650296+00:00', NULL, 37.49562499891361),
	('c4576161-504c-47e3-9755-56a841ffc81a', '63421136-a6d6-4db6-9ed6-a8628c3daa0b', '27200834-ee40-4360-bf48-af99235dc37c', e'7956 Kimberly Coves Suite 539\nTiffanyside, PA 76033', e'793 Christopher Rest Suite 401\nAnthonyland, OK 04495-4204', '2018-05-24 19:32:10.67857+00:00', NULL, 54.038048149222185),
	('cb391b32-3972-478c-8e1e-c916b4ee0fb2', 'ed551060-6d92-4ef8-8f06-800950b3abd0', '911180cf-586f-4378-b0de-4f1c7834ebe4', e'6522 David Mission Suite 752\nSanfordmouth, NH 15019-3759', e'4630 Dawn Ports\nNorth Markhaven, TX 27515', '2018-05-24 19:32:10.76808+00:00', NULL, 22.358824847503946),
	('d039bccc-8fe7-4c98-bafd-6fed9a64bc59', '302e79f7-013c-43eb-b7d7-56284b20e5cc', 'f48b9008-954f-4123-ac69-92dd0e0f3cde', e'0464 Sean Course\nLake Amy, OK 02233', e'PSC 9587, Box 2205\nAPO AE 19751', '2018-05-24 19:32:10.811233+00:00', NULL, 11.009205979547193),
	('d045bd77-1f1a-41da-80ed-1a2694a66d4e', 'f6f2d1b1-a4eb-4aa6-9603-02792d4c76df', '1ec8ade3-1969-4bd3-9559-566ba63a0977', e'32967 Miller Loaf\nNorth Anthonyburgh, TN 11630', e'46316 Barnes Manors Apt. 519\nWeaverside, TN 59651-7185', '2018-05-24 19:32:10.369007+00:00', NULL, 31.528022857449574),
	('d08602ab-57b1-4075-b567-f44de80314c0', '0b70eaec-1c81-4068-a953-84a772e8f8d1', '1ec8ade3-1969-4bd3-9559-566ba63a0977', e'Unit 2034 Box 4947\nDPO AP 25739', e'3487 Brennan Inlet\nValdezhaven, KS 39285', '2018-05-24 19:32:10.793397+00:00', NULL, 11.816638469295869),
	('d458f902-54a9-4c17-9abb-a67297d4296e', '7bbc8c07-7e26-40d4-8240-36ba0f98042e', '14353073-ed3f-4f05-8aa3-613eb1d2d86b', e'7899 Becker Valley Suite 614\nLake Nathan, RI 88351', e'6050 Barnett Road\nEast Lawrence, WV 83499', '2018-05-24 19:32:10.361335+00:00', NULL, 27.188007479131958),
	('d5304a13-d332-4d58-9d87-3e95d8aa01eb', '3421b215-cd8b-4539-a458-c479efdd4b01', '14353073-ed3f-4f05-8aa3-613eb1d2d86b', e'42403 Lindsey Villages Apt. 546\nWest Gabrielle, NJ 80270', e'46616 Taylor Via\nPatrickton, VT 15378-7530', '2018-05-24 19:32:10.827123+00:00', NULL, 53.0528179432477),
	('de57f853-cac7-40cd-acd3-4b1fd1d39afc', 'ea6a9ca6-fc28-4a32-90cb-c1c2af92f3c3', 'fc798aa1-afc8-4a3a-aa54-b3916a163ba0', e'636 Heather Roads\nMeganton, AS 67127-2754', e'30482 Tracy Green\nWest Nicole, TN 89398-1906', '2018-05-24 19:32:10.314652+00:00', NULL, 20.52236352144126),
	('def85c83-f7b0-44c4-8960-363ffe5fad4a', '63b6d834-3f42-46d9-b6ac-374ea75fb0d0', '14353073-ed3f-4f05-8aa3-613eb1d2d86b', e'39602 Brown Passage\nWilsonfort, KS 80211', e'81811 Farmer Course\nSouth Jasonshire, MI 87051-1984', '2018-05-24 19:32:10.50599+00:00', NULL, 34.78622155504594),
	('e3833b33-df0d-4221-a533-f6ac64be4a68', '94d35a30-ee61-4b1b-9270-5477f902233d', '50287242-a216-45f4-a5f4-27b4f689ad29', e'151 Montoya Rest Suite 375\nWest Moniqueburgh, TX 75497', e'675 Christopher Lane\nLake Kimberly, VT 83668', '2018-05-24 19:32:10.70884+00:00', NULL, 88.12910910594279),
	('e50a4728-2a57-4129-8408-dbe001157009', 'f49e44c6-5818-494d-82e1-d59d80546437', 'd1f4fa03-64f8-4ad7-b6c8-8a1201e9ad30', e'8843 Clarke Brook Suite 461\nAveryville, NV 97588', e'88760 Aaron Bypass\nLake Amyburgh, GA 43141', '2018-05-24 19:32:10.655759+00:00', NULL, 86.14464423630861),
	('e8f5442b-c6f4-4ad1-8898-40f1f69068b4', '07d63c0b-2d38-4025-a59d-88a6741f38bb', 'f48b9008-954f-4123-ac69-92dd0e0f3cde', e'122 Thomas Estates\nLake Brian, AZ 48317', e'139 Patrick Field\nJacobsonland, AS 38062', '2018-05-24 19:32:10.756011+00:00', NULL, 53.371063446773434),
	('ecefcaf1-6176-4630-90b5-98640d4d5b08', '53dd2492-6cb4-451e-9f32-14e47d050c99', '42ab5dd8-38c5-47be-a7b6-66339eb7e98d', e'56527 Karen Roads Apt. 203\nMaddoxbury, SC 51083', e'217 Horne Courts Suite 011\nMichaelview, IA 77802-6415', '2018-05-24 19:32:10.737743+00:00', NULL, 67.26833861698093),
	('edaaa437-ed82-4a53-a410-8f77a00c70fc', 'e69acb55-5f75-4bc3-908a-b8676bcf007a', '8741847f-6e46-4951-be8d-a0bfdae6f66b', e'609 Michael Way Apt. 618\nWatkinston, OR 93065', e'158 Amanda Skyway\nIvanfurt, AZ 59787', '2018-05-24 19:32:10.789296+00:00', NULL, 35.988061191153285),
	('ee92f49f-3b9d-45c0-b68d-bfecea4cc214', 'a20b221a-dd97-4370-8fe8-2e5f285123c5', 'd1f4fa03-64f8-4ad7-b6c8-8a1201e9ad30', e'81210 Lee Pike Apt. 238\nPort Jenniferside, WI 15760', e'8155 Deborah Orchard\nWest John, VT 14711', '2018-05-24 19:32:10.351861+00:00', NULL, 50.80608398992797),
	('ef538e26-ee96-434b-bd8d-4735688a7d8e', '8ad1f2d4-1e7b-4baa-830a-1550656b52cf', 'f48b9008-954f-4123-ac69-92dd0e0f3cde', e'2128 Gilmore Burg Suite 226\nGraychester, HI 01237', e'694 Isaac Neck\nAguilarhaven, LA 29919', '2018-05-24 19:32:10.573855+00:00', NULL, 92.38900954722425),
	('f2005e04-8f77-459a-be8f-614c361f6d44', 'eb3ae01e-a21f-4d21-9d25-aefb0ad18042', '78b4ee33-b065-4733-bdb6-a47025c01f52', e'5794 Lynn Lock\nSouth Richard, NE 62883-6490', e'USNV Jones\nFPO AP 92338', '2018-05-24 19:32:10.335326+00:00', NULL, 62.24608626860739),
	('f22779cc-dbc8-4fb9-98f5-7d7cd6af1b27', '899a9b2d-ca66-4293-9b92-a1de427809d7', '3ce008b5-ed82-426a-9d4c-f0b9ef83c26c', e'294 Smith Skyway\nLoribury, MS 53537-8414', e'633 Carpenter Parkway Apt. 109\nNew Connieshire, WI 00904', '2018-05-24 19:32:10.685778+00:00', NULL, 25.01883672292058),
	('f26dd115-23fd-42c5-9857-9be4e19aadb1', 'd2e9b226-d651-411f-b0d6-21a1eba6fe48', '78b4ee33-b065-4733-bdb6-a47025c01f52', e'15308 Fuller Extensions Suite 350\nChristopherside, HI 62383-3171', e'0119 Chambers Causeway\nWest Lauren, WV 16279', '2018-05-24 19:32:10.643055+00:00', NULL, 3.300440141294029),
	('f5729ad1-ec12-49d8-bfba-fa2a36b1a751', 'b5281543-8f5f-4edb-a71e-ae1c183d9580', '14353073-ed3f-4f05-8aa3-613eb1d2d86b', e'30875 Chaney Unions Apt. 921\nRobinsonshire, FL 76092', e'573 Debra Lodge Apt. 878\nWhiteville, WV 88497-2417', '2018-05-24 19:32:10.477225+00:00', NULL, 44.670976118058356),
	('f7d85bb1-417f-4cde-a41f-fd08e86301e7', 'af3908e9-a251-4e82-8afb-9cae2c4fca16', '911180cf-586f-4378-b0de-4f1c7834ebe4', e'567 Ann Turnpike Apt. 889\nFoxmouth, VA 08631', e'PSC 1253, Box 0963\nAPO AP 36048', '2018-05-24 19:32:10.772083+00:00', NULL, 22.5024912635242),
	('f8b2b0ff-811c-4eb0-b4f7-9018fe594f5f', '96919daf-091c-4823-9e35-3018e37f67c9', '9a590db9-6ce8-425c-9e75-bbf228967900', e'0919 Cody Tunnel\nWrightfort, SD 49896-2359', e'7552 Maddox Vista Apt. 678\nEast Larryshire, RI 04055', '2018-05-24 19:32:10.619108+00:00', NULL, 85.4792187480761),
	('fa5da46e-c366-4cc6-a6e5-5f273bff13f8', '780a3f33-12f2-4bed-94ad-d340fe26045b', '78b4ee33-b065-4733-bdb6-a47025c01f52', e'1880 Stone Crest\nLake Jared, NY 44046-3716', e'557 Jerry Forge\nLake Justinville, GU 12838', '2018-05-24 19:32:10.590425+00:00', NULL, 5.284133810892399),
	('ff0ecff6-02c5-4ce5-af14-0dfea1737140', '4a7e3fe0-90cb-4ab5-b61c-60449de823a2', '50287242-a216-45f4-a5f4-27b4f689ad29', e'344 Mcdonald Underpass\nPort Taylor, LA 93897', e'49725 Evans Courts Apt. 482\nWest Jerryland, WI 00523-0254', '2018-05-24 19:32:10.500702+00:00', NULL, 96.17851544143518);

INSERT INTO users (id, "name", address, credit_card) VALUES
	('018bbbe0-6f81-4956-8079-5cf46f65fc76', 'Adam Harrison', e'001 Knapp Island Suite 575\nNorth Jessicastad, HI 65291-6779', '5128982550161140'),
	('071e77ee-0403-4def-8228-85395d12f8b7', 'Hannah Vega', e'606 Jeffrey Trafficway Apt. 868\nPort Kellyton, AR 56668-2196', '374537093065356'),
	('07d63c0b-2d38-4025-a59d-88a6741f38bb', 'Elizabeth Moore MD', e'15763 James Crossing Suite 199\nSouth Hannah, MP 34040-3163', '30292815718421'),
	('0b70eaec-1c81-4068-a953-84a772e8f8d1', 'Charles Joseph', e'471 Pace Grove Suite 206\nWest Maurice, NY 98030', '2223297704295830'),
	('0c703422-0a43-4791-9dba-8822952b5843', 'Rebecca Walter', e'725 Griffith Island\nDebraville, MS 54370-4683', '180041983456076'),
	('0f022858-77ca-4760-9199-942fcbc3b5fc', 'Matthew Williams', e'228 Amanda Inlet\nEast Sharonburgh, LA 19761', '374346993187595'),
	('0fcc42d1-0d50-46ca-86a4-0d9e60c3c4e8', 'Kelli Burke', e'44988 Taylor Overpass\nWilkinsonside, VA 07088-5148', '213158456845519'),
	('10f008c3-e0dd-498f-9310-81ebd4b7ae61', 'Fernando Mcmillan', e'27043 Angela Mall Apt. 030\nJesusburgh, MT 43264-0150', '4827789392930799'),
	('1258c390-210b-4036-a4f7-5e5bd194b365', 'Andrea Sanchez', e'4919 Clark Vista Suite 356\nWest Thomasland, MP 80598', '4125013637193140'),
	('19550c49-c477-4876-b392-5402d0ee6369', 'Lisa Henderson', e'5510 Cooper Plaza\nNorth Alexandrabury, FM 14444-1151', '379899539467124'),
	('1a965514-c78e-4e86-a7af-6ba60d185300', 'Bradley Vargas', e'712 Ramos River\nJosephburgh, MT 17749-8684', '3556797087280916'),
	('1aed1863-32e6-4499-a5a1-9745cf614491', 'Kimberly Nunez', e'182 Williams Pike Suite 287\nJasminstad, KY 72870-6095', '2227505148624274'),
	('238f9870-9a45-4cb2-a291-877a8eae1613', 'Alexandra Young', e'13194 Brooks Meadows Apt. 349\nPerryton, NE 29664-2736', '30539034337353'),
	('260290d4-1c7b-4abd-852d-1613314a26b5', 'Hannah Sanchez', e'6751 Alvarez Underpass\nWest Mary, FL 68720', '180070810694914'),
	('27b3f8b7-35aa-4149-b33e-3e80db222ccd', 'William Stewart', e'5858 Werner Heights Apt. 642\nLake Lisa, IN 56001', '6588687612172727'),
	('2fe5e8ce-71d1-4a1a-839e-f9fcc37744b9', 'Kathleen Rogers', e'7932 Karen Street Suite 533\nWest Shannonbury, SD 96564-3885', '30440420202352'),
	('302e79f7-013c-43eb-b7d7-56284b20e5cc', 'David Moore', e'9376 Kenneth Shores Suite 294\nRojasmouth, MA 75919-9174', '4856151619269812'),
	('3421b215-cd8b-4539-a458-c479efdd4b01', 'Jason Morgan', e'9347 Perez Lake Suite 269\nAnnatown, SD 52461-5309', '4026247862924'),
	('35e5425d-a6dc-4c1e-8995-2666eaf2d448', 'Walter Robinson', e'31383 Osborne Falls Suite 122\nLake Jeremiahstad, KS 85124', '3566786822859322'),
	('36a1c8c6-799e-4fbf-9e63-ab2462726886', 'Hannah Garcia', e'837 Kevin Mission Suite 080\nCruzview, PW 74263', '30091604548787'),
	('36dc6b42-108b-4efa-8b8c-f3e2f55b73eb', 'Lauren Kerr', e'50111 Malone Parks\nPort Nicholas, AS 95170', '4906476617249031'),
	('37207d1a-2233-4fc7-a3a5-56383017e290', 'Rebecca Phillips', e'6562 Mccoy Crossroad Apt. 162\nSouth Jonathan, MN 98021-6202', '4613943449575'),
	('3a6b0510-bd1c-4186-a8c3-8949a7435d9e', 'Brenda Watts', e'999 Hubbard Walk\nMistyport, IA 01859', '4193091178311484'),
	('3d970f3c-54af-4e41-b127-efb29c79fab0', 'Angela Alexander', e'0039 Sean Club Apt. 756\nLake Brandon, NH 11482', '3554991050956188'),
	('41dd76da-ac1d-47f5-9720-3b77ddb24488', 'Robert Robles', e'83323 Anthony Lock Suite 800\nMichellechester, UT 15897-9740', '4235697496599665'),
	('424207f5-2202-4688-bb71-894f1b7ebf65', 'Sean Griffin', e'2956 Jasmine Turnpike\nLake Amyside, SD 68036', '5119968142141196'),
	('45117372-ca48-4bf2-b51f-9cbaa9843e9e', 'Kevin Wyatt', e'724 Thomas Courts Apt. 059\nEast Garrettshire, ME 62459-6894', '3538776531662310'),
	('462caad6-e7aa-41ce-9827-b8765aa8e9ef', 'Shawn Cruz', e'3546 Shawn Meadow Suite 642\nNorth Jamesborough, GA 66856', '3552561582814122'),
	('483c7205-3c2f-4f37-b2a3-fe3672b0cf13', 'Jessica Mendez', e'3096 Alvin Lodge\nNorth Jonathan, DC 81517-0333', '3547720794887577'),
	('492a80ed-45e3-4c40-acd6-c7f3787e70b6', 'Gabriella Brooks', e'640 Estrada Bypass\nTimothyburgh, SC 41505', '4909945732204201'),
	('49c56804-24cc-424a-a513-03a9eca33547', 'Henry Lynn', e'63155 Clark Valley Apt. 674\nNashburgh, MP 49839-4420', '180052816943222'),
	('4a7e3fe0-90cb-4ab5-b61c-60449de823a2', 'Lindsey Tucker', e'637 Tiffany Path Apt. 744\nNew Codybury, ID 59109', '4460605251744737'),
	('4ac447ed-740c-48d1-a5fa-f015233d68cc', 'Nichole Hardy', e'0169 Williams Parks Apt. 580\nKevinview, SC 02975-2663', '372466678146526'),
	('4ae1004a-42d6-4a83-a4e7-dd6797da8095', 'David Rodriguez', e'49678 Lyons Roads\nPort Williamville, PW 94942', '180008387175446'),
	('4deaf354-cb9f-42a2-8d75-92f92af09926', 'Krista Cain', e'707 Walter View\nLucerobury, NE 38561', '3513394283974054'),
	('506b8e2e-6789-4333-861e-63a1058208a4', 'Jack Johnson', e'07702 Alyssa Prairie Suite 114\nLopezchester, NV 27901', '378644831829840'),
	('53dd2492-6cb4-451e-9f32-14e47d050c99', 'Shane Hunt', e'799 James Harbors Suite 329\nNew Ashley, TN 23621', '4178443552875643'),
	('53ed375f-0d6b-45fd-885b-50e8c9cae8de', 'Lynn Herman', e'327 Eric Manors\nPort Christineton, DC 51179', '2221323535852631'),
	('56de8a5b-f693-4878-bc9c-87f2cf860b67', 'William Smith', e'048 Frank Light Apt. 048\nMarciachester, WV 14149-4725', '3568998446704044'),
	('58d2f60d-b6ea-4b8b-9a3e-58782cf8f526', 'Ethan Henderson', e'USCGC Miller\nFPO AA 66073-4495', '213153745387738'),
	('5f30ceb9-cf2d-4160-b0d7-5d429485d853', 'Sophia Harris', e'622 Payne Knoll\nWest Michelemouth, NY 93566-8147', '3531481247281979'),
	('5fa173a0-0f6c-4532-a3d5-9bd905ec5316', 'Dr. Edward Martin DDS', e'960 Phillips Turnpike Apt. 427\nMargaretville, VT 12203', '180064380322105'),
	('627cd24d-38b1-45a3-b2f2-93a639597afa', 'Alexander Leblanc', e'731 Martinez Flats Suite 346\nNew Sethbury, ME 84081', '372091898425516'),
	('63421136-a6d6-4db6-9ed6-a8628c3daa0b', 'Jack Hernandez', e'037 Marshall Springs Apt. 521\nLake Monica, ND 40720-9871', '2222365907360619'),
	('63b6d834-3f42-46d9-b6ac-374ea75fb0d0', 'Christina Reynolds', e'937 Simon Prairie\nDennishaven, MP 69298-5005', '4102276526973818'),
	('6566a9de-5dfe-4e68-80e7-8af9d24f2587', 'Carl Mitchell', e'USCGC Fields\nFPO AP 12171', '630408542896'),
	('68e39eee-7e04-43f4-bc64-636803cd5b49', 'Nicholas Rodriguez', e'USNS Henderson\nFPO AP 40495', '2228770531115491'),
	('703465dd-03e5-4157-b855-79494957334a', 'Michael Novak', e'1890 Ricky Summit\nNorth Frank, SD 62328-3937', '345500517382043'),
	('780a3f33-12f2-4bed-94ad-d340fe26045b', 'Tiffany Garner', e'516 Michelle Plains\nRossberg, NY 72650', '4825343922517957'),
	('7a1e465f-ce3f-4e03-8206-dd0a7923ec12', 'Robert Sims', e'653 Adam Ports Apt. 350\nPort Jerome, MN 15161', '3556050153853376'),
	('7bbc8c07-7e26-40d4-8240-36ba0f98042e', 'Bradley Gonzales', e'USCGC Watson\nFPO AA 89131', '502008440880'),
	('82d3310b-0df5-4bc0-891a-b2eea4b2040d', 'James Martin', e'44372 Brandon Ridge Apt. 107\nPort Samanthaton, NC 30598', '38681130005930'),
	('82f7f4a6-3abb-494b-8a9b-94a7b7f54e6f', 'Douglas Ortega', e'Unit 4907 Box 4726\nDPO AE 74740-8993', '38526691421929'),
	('899a9b2d-ca66-4293-9b92-a1de427809d7', 'Michele Garcia', e'02614 Jonathan Way\nLake Wendy, OH 95102', '3528499279202742'),
	('8ad1f2d4-1e7b-4baa-830a-1550656b52cf', 'Robert Wilkinson', e'623 Clark Harbor Apt. 070\nTroychester, ID 91547-9716', '30508654740303'),
	('8dbe09b0-1bb0-48f4-8b42-54ff5c0f92b1', 'Mr. James Carter', e'31254 Heather Ferry\nLake Julie, MD 57238-9716', '583295204247'),
	('8e75edd4-9651-4dab-8859-a287eeef60b7', 'Michael Moore', e'724 Foster Forge Suite 008\nDannyville, KS 16494', '348727386748007'),
	('8fbea28f-0283-4024-ad0c-a494a6925a02', 'Wesley Floyd', e'1870 Kimberly Cliff Suite 673\nKennethside, HI 58818-9552', '4581608118258'),
	('94d35a30-ee61-4b1b-9270-5477f902233d', 'Phillip Nelson', e'446 Cole Road\nJonesside, MP 58370', '4022624027215'),
	('9677750a-1db3-4ad7-a019-83542ebcc3fd', 'Corey Young', e'15139 Monica Plaza\nHernandezshire, SC 13563', '213169619805829'),
	('96919daf-091c-4823-9e35-3018e37f67c9', 'Bryan Dennis', e'21505 Braun Plaza\nNew David, WY 69433-3583', '4568211315439504'),
	('9f3afaaa-fc50-4013-85ba-7acc1525dd14', 'Amy Dixon', e'17480 Washington Road\nWest Kaylaland, NJ 29791-9186', '3505207149683018'),
	('9fd56817-618e-45f6-b168-43b9cd09b1db', 'Mark Powell', e'5910 Perez Parkways\nHurstberg, IL 16103-6014', '6562979033650005'),
	('a20b221a-dd97-4370-8fe8-2e5f285123c5', 'Richard Cain', e'96221 Brandon Crest\nSouth Michael, HI 70366', '213115218332152'),
	('ab2b4dac-f95d-465f-9d74-b62f499d4e87', 'Melissa Irwin', e'0643 Brianna Vista Apt. 740\nWilliamfort, SD 65391-4817', '3595527260912842'),
	('ab85c6cb-55c9-429d-8044-d7fa461f150c', 'Cynthia Clark', e'15239 Rachel Groves\nPort Georgeport, AZ 53410-7172', '6542578753513792'),
	('adea53f5-17cf-4e00-9bab-6678d4c4fc0a', 'Elizabeth Gibson', e'7939 Odonnell Ferry\nLake Justintown, SD 92909', '4152832141532626'),
	('af3908e9-a251-4e82-8afb-9cae2c4fca16', 'Crystal Sanders', e'674 Morgan Creek\nBarbaraside, WA 51181', '3518128571926417'),
	('b0c40f3a-0a1d-4a3d-93f1-57adcc95cc2f', 'Sara Diaz', e'USNV Parker\nFPO AE 51915', '4721761731714256'),
	('b5281543-8f5f-4edb-a71e-ae1c183d9580', 'Katherine Russell', e'98557 Adrian Greens Suite 485\nJosephfurt, MA 72253-2334', '3577852439130296'),
	('b91cf6d6-fe80-4c91-9a12-a8d4ce7c6675', 'Jennifer Austin', e'1348 Brianna Grove\nNew Justinfurt, MA 05421', '6011910461124814'),
	('c57e06a0-ef7e-43c0-b5ae-c22f6c3bd231', 'Rebecca Wilson', e'5261 Jamie Common Suite 325\nWest Amyville, IN 17527', '3557518551224779'),
	('c9733473-6b38-4bdf-95a5-b6cc79bab770', 'Matthew Thomas', e'5302 Collier Mission Suite 243\nEast Kimberlyland, HI 67053', '213118787605784'),
	('ceab3806-de6f-4cc5-ac13-8a16115de1e3', 'Ronald Bailey', e'62889 King Courts Apt. 008\nStoneland, WV 70488-3278', '6011239369652928'),
	('d2e9b226-d651-411f-b0d6-21a1eba6fe48', 'Michelle Guzman', e'3543 Elijah Stravenue Apt. 141\nPort Norman, ND 97259', '502089776921'),
	('d3a70257-f829-4546-b4ac-7743a874688f', 'Zachary White', e'0508 Robertson Prairie Apt. 604\nPort Curtismouth, NM 02084-0961', '502077443567'),
	('d40956e1-1245-4a3c-9f7d-74709070dba4', 'Michael Walker', e'31945 Wagner Cliffs Suite 963\nNew Dylanmouth, MN 99320', '6011378508564584'),
	('d695d573-1ede-45d1-8191-44471f86a2e4', 'Michael Henson', e'169 Robertson Plain\nPort Jonathanhaven, MO 16670-5333', '6011815727466521'),
	('d71617a0-3be0-4872-be7f-89787572aae5', 'Shawn Beck', e'395 Donald Meadow\nAngelafurt, AR 86729-5571', '2221040672448524'),
	('db25211d-0cb6-4b3b-aa9b-894396f6288b', 'Leslie Fletcher', e'8388 Cook Oval\nNorth Steven, WY 53585', '060418699413'),
	('de5537d0-985d-4fc2-85e9-ba47d9209433', 'Gary Johnson', e'PSC 8674, Box 9340\nAPO AE 08544', '4013434357583689'),
	('de6b7c38-29b6-4c77-8f19-bcf452b35826', 'Sandra Salinas', e'285 Christopher Run Suite 637\nDerekmouth, OH 83981-2472', '4554055532630650'),
	('deb8b792-2349-435c-b371-3c33bf6328a3', 'Stephen Woods', e'57745 Wagner Inlet Suite 498\nEmilyborough, AZ 12304-5314', '346368383874728'),
	('e0628226-f2f3-48ca-8f5f-1cbcda6bf018', 'Tiffany Taylor', e'684 Tina Fields\nMarcusburgh, KY 33993', '5307814678011647'),
	('e3ef42ff-3872-4500-b026-3d846ae6db5a', 'Julie Diaz', e'35114 Guerrero Mews\nLake Marcus, AK 67496-4094', '3554177044625655'),
	('e57597e7-ecb7-4e21-a783-694e26facb49', 'Fred Castaneda', e'1674 Sara Court Suite 858\nRobertport, OR 73388', '3585368278075278'),
	('e69acb55-5f75-4bc3-908a-b8676bcf007a', 'Jeffrey Bell', e'044 Joshua Ford Suite 773\nDavismouth, VI 21076', '4573815459940599'),
	('e6da9fc5-313a-4489-a978-f6cea3b65464', 'Shelby Holmes', e'40225 Martinez Hill\nHendersonmouth, IA 50308', '4174278414468177'),
	('e6ef5589-cf6e-43aa-8894-41b6ba1fd211', 'Tyler Duarte', e'4985 Thomas Rue Apt. 840\nNew Patrickmouth, KS 85308-1720', '676312069773'),
	('ea6a9ca6-fc28-4a32-90cb-c1c2af92f3c3', 'Michael Johnson', e'113 Keith Mount\nWest Cameron, NJ 46206', '4042570390295156'),
	('eb3ae01e-a21f-4d21-9d25-aefb0ad18042', 'Dakota Byrd', e'82969 Hill Crescent\nWest Derrick, NC 65530', '4769816173906'),
	('ed551060-6d92-4ef8-8f06-800950b3abd0', 'Melinda Trevino', e'82729 Morales Mountains\nWebbton, WI 18139-5674', '584375490797'),
	('ef2cac44-db10-43e2-83f1-60a676271668', 'Evan Greene', e'55208 Adams Mountains Suite 156\nBarnesmouth, PR 36658', '3598626247954427'),
	('eff73fa7-50b9-46b6-a6c2-035425bc2f38', 'Melissa Wells', e'83842 Turner Viaduct\nNorth Jose, NE 42265', '180065737124557'),
	('f187719c-eab3-4671-b809-b0d7118043f0', 'Gregory Richardson', e'3265 Moore Cape Suite 066\nEast Alexandramouth, AR 11595-5450', '30452862661961'),
	('f348e4e3-4580-4a22-adf3-0fef26a2e17d', 'Christopher Patterson', e'3605 Mathis Burgs\nEast Sandrashire, OH 20276', '4088181185605'),
	('f49e44c6-5818-494d-82e1-d59d80546437', 'Rhonda Guerrero', e'509 Beck Parkways Suite 395\nLake Toddstad, OR 16837-0855', '372702614720143'),
	('f6f2d1b1-a4eb-4aa6-9603-02792d4c76df', 'Nicole Dawson', e'52747 Jennifer Estate Apt. 687\nNew Christopherchester, FL 67478', '503845319832'),
	('fa543c06-34a1-4d6e-9812-6ef8f4f3e6d8', 'Julie Rose', e'Unit 6031 Box 3698\nDPO AP 42298', '372074528085793'),
	('fac40341-d949-41c5-912d-f075c2611865', 'James Diaz', e'673 Frank Light\nSouth Peterton, AL 57715-3741', '676346075846');

INSERT INTO vehicles (id, type, city, owner_id, creation_time, status, ext) VALUES
	('14353073-ed3f-4f05-8aa3-613eb1d2d86b', 'skateboard', 'newyork', '82f7f4a6-3abb-494b-8a9b-94a7b7f54e6f', '2018-05-24 19:32:09.571061+00:00', 'available', '{"color": "black"}'),
	('1ec8ade3-1969-4bd3-9559-566ba63a0977', 'skateboard', 'newyork', '899a9b2d-ca66-4293-9b92-a1de427809d7', '2018-05-24 19:32:09.860863+00:00', 'lost', '{"color": "blue"}'),
	('27200834-ee40-4360-bf48-af99235dc37c', 'bike', 'newyork', '1258c390-210b-4036-a4f7-5e5bd194b365', '2018-05-24 19:32:09.841272+00:00', 'in_use', '{"brand": "Pinarello", "color": "red"}'),
	('29e95602-40c2-4e77-bcef-eeb264518113', 'skateboard', 'newyork', 'f348e4e3-4580-4a22-adf3-0fef26a2e17d', '2018-05-24 19:32:10.109231+00:00', 'available', '{"color": "red"}'),
	('3ce008b5-ed82-426a-9d4c-f0b9ef83c26c', 'skateboard', 'newyork', 'f348e4e3-4580-4a22-adf3-0fef26a2e17d', '2018-05-24 19:32:10.105548+00:00', 'in_use', '{"color": "green"}'),
	('42ab5dd8-38c5-47be-a7b6-66339eb7e98d', 'skateboard', 'newyork', '82f7f4a6-3abb-494b-8a9b-94a7b7f54e6f', '2018-05-24 19:32:09.565834+00:00', 'in_use', '{"color": "green"}'),
	('50287242-a216-45f4-a5f4-27b4f689ad29', 'scooter', 'newyork', 'f348e4e3-4580-4a22-adf3-0fef26a2e17d', '2018-05-24 19:32:10.115159+00:00', 'in_use', '{"color": "red"}'),
	('5a1c19c2-14a7-4d60-8a15-54be9166cd56', 'bike', 'newyork', '68e39eee-7e04-43f4-bc64-636803cd5b49', '2018-05-24 19:32:10.052959+00:00', 'available', '{"brand": "Santa Cruz", "color": "red"}'),
	('755f3629-b564-43bf-97cc-d90907373b67', 'skateboard', 'newyork', '82f7f4a6-3abb-494b-8a9b-94a7b7f54e6f', '2018-05-24 19:32:09.575349+00:00', 'available', '{"color": "black"}'),
	('78b4ee33-b065-4733-bdb6-a47025c01f52', 'scooter', 'newyork', '899a9b2d-ca66-4293-9b92-a1de427809d7', '2018-05-24 19:32:09.856644+00:00', 'in_use', '{"color": "yellow"}'),
	('8741847f-6e46-4951-be8d-a0bfdae6f66b', 'skateboard', 'newyork', '68e39eee-7e04-43f4-bc64-636803cd5b49', '2018-05-24 19:32:10.042854+00:00', 'in_use', '{"color": "green"}'),
	('911180cf-586f-4378-b0de-4f1c7834ebe4', 'skateboard', 'newyork', '1258c390-210b-4036-a4f7-5e5bd194b365', '2018-05-24 19:32:09.846018+00:00', 'available', '{"color": "black"}'),
	('9a1ec562-0ea1-4af0-b7a6-0ab44f8f65e9', 'scooter', 'newyork', 'ceab3806-de6f-4cc5-ac13-8a16115de1e3', '2018-05-24 19:32:10.192625+00:00', 'available', '{"color": "yellow"}'),
	('9a590db9-6ce8-425c-9e75-bbf228967900', 'skateboard', 'newyork', '82d3310b-0df5-4bc0-891a-b2eea4b2040d', '2018-05-24 19:32:09.621698+00:00', 'in_use', '{"color": "green"}'),
	('d1f4fa03-64f8-4ad7-b6c8-8a1201e9ad30', 'bike', 'newyork', '018bbbe0-6f81-4956-8079-5cf46f65fc76', '2018-05-24 19:32:09.968198+00:00', 'in_use', '{"brand": "Santa Cruz", "color": "black"}'),
	('f48b9008-954f-4123-ac69-92dd0e0f3cde', 'skateboard', 'newyork', 'ceab3806-de6f-4cc5-ac13-8a16115de1e3', '2018-05-24 19:32:10.188166+00:00', 'available', '{"color": "red"}'),
	('f84ccd43-654b-49ce-81c4-fe1f8cdef064', 'bike', 'newyork', '1258c390-210b-4036-a4f7-5e5bd194b365', '2018-05-24 19:32:09.836654+00:00', 'in_use', '{"brand": "FujiCervelo", "color": "black"}'),
	('f8d7081f-70b6-492b-bea8-e191b5fc6dd9', 'bike', 'newyork', '018bbbe0-6f81-4956-8079-5cf46f65fc76', '2018-05-24 19:32:09.972386+00:00', 'available', '{"brand": "Pinarello", "color": "blue"}'),
	('fa943387-4108-46c7-b7fc-476d2ee6d900', 'skateboard', 'newyork', '68e39eee-7e04-43f4-bc64-636803cd5b49', '2018-05-24 19:32:10.048696+00:00', 'in_use', '{"color": "blue"}'),
	('fc798aa1-afc8-4a3a-aa54-b3916a163ba0', 'bike', 'newyork', '018bbbe0-6f81-4956-8079-5cf46f65fc76', '2018-05-24 19:32:09.962327+00:00', 'available', '{"brand": "Santa Cruz", "color": "green"}'),
	('ffd6b694-b723-4bf8-a27f-6c5b527c07a3', 'skateboard', 'newyork', '9f3afaaa-fc50-4013-85ba-7acc1525dd14', '2018-05-24 19:32:09.952354+00:00', 'available', '{"color": "black"}');
